srcIP,dstIp,srcPort,dstPort,numPackets,totalSize
204.14.234.85,192.168.3.131,80,57229,2,120
192.168.3.131,204.14.234.85,57229,80,2,108
66.235.136.89,192.168.3.131,8443,57250,5,1014
192.168.3.131,66.235.136.89,57250,8443,8,5656
204.14.234.101,192.168.3.131,8443,57231,5,3413
192.168.3.131,192.168.3.1,58673,53,2,178
192.168.3.131,192.168.3.1,60629,53,2,156
204.14.234.101,192.168.3.131,443,57231,5,3413
192.168.3.131,204.14.234.101,57231,443,6,3464
192.168.3.131,204.14.234.85,57249,443,7,4472
192.168.3.131,66.235.136.89,57250,443,8,5656
172.16.255.1,172.16.0.1,63805,5351,2,108
204.9.163.158,172.16.255.1,80,10714,5,581
172.16.255.1,204.9.163.158,10714,80,5,347
70.37.129.34,10.0.2.15,5480,2554,10,6941
70.37.129.34,10.0.2.15,5480,2553,11,7395
207.46.216.54,192.168.3.131,5480,57191,1,60
192.168.3.131,207.46.216.54,57191,5480,2,108
207.46.216.54,192.168.3.131,80,57191,1,60
192.168.3.131,207.46.216.54,57191,80,2,108
10.0.2.15,70.37.129.32,2552,5480,10,1372
172.16.255.1,67.215.65.132,10705,445,3,194
204.9.163.166,192.168.3.131,80,58831,4,458
192.168.3.131,204.9.163.166,58831,80,5,581
192.168.3.131,208.82.236.129,58830,80,5,878
204.14.234.85,192.168.3.131,8443,57248,59,55038
204.14.234.85,192.168.3.131,8443,57247,44,36432
192.168.3.131,204.14.234.85,57247,8443,36,23898
204.14.234.85,192.168.3.131,443,57248,59,55038
204.14.234.85,192.168.3.131,443,57247,44,36432
70.37.129.34,10.0.2.15,5480,2551,11,7689
208.50.77.97,192.168.3.131,5480,57174,1,60
65.55.206.9,192.168.3.131,5480,57176,1,60
65.55.15.244,192.168.3.131,5480,57180,1,60
192.168.3.131,65.55.206.9,57176,5480,2,108
192.168.3.131,65.55.15.244,57180,5480,2,108
208.50.77.97,192.168.3.131,80,57174,1,60
65.55.206.9,192.168.3.131,80,57176,1,60
192.168.3.131,208.50.77.97,57174,80,2,108
192.168.3.131,65.55.206.9,57176,80,2,108
192.168.3.131,65.55.15.244,57180,80,2,108
204.14.234.85,192.168.3.131,8443,57245,73,72711
10.0.2.15,70.37.129.34,2553,5480,9,1369
192.168.3.131,204.14.234.85,57246,8443,48,34093
204.14.234.85,192.168.3.131,443,57246,59,45356
204.14.234.85,192.168.3.131,443,57245,73,72711
192.168.3.131,204.14.234.85,57246,443,48,34093
69.126.180.28,172.16.255.1,443,50983,1,68
67.64.157.145,172.16.255.1,58164,50983,1,68
172.16.255.1,188.17.181.29,50983,443,1,60
172.16.255.1,66.209.190.84,50983,7457,1,70
172.16.255.1,67.84.50.244,50983,37499,1,60
172.16.255.1,188.163.1.229,50983,50709,1,60
172.16.255.1,67.64.157.145,50983,58164,1,60
204.9.163.166,192.168.3.131,80,58795,5,518
192.168.3.131,204.9.163.166,58795,80,6,635
192.168.3.131,208.82.236.130,58794,80,7,833
208.82.236.130,192.168.3.131,80,58793,9,8002
192.168.3.131,204.14.234.85,57229,5480,2,108
192.168.3.131,208.82.236.130,58793,80,6,779
209.17.73.30,192.168.3.131,80,58789,144,210117
114.46.144.25,172.16.255.1,29080,50983,1,60
192.168.3.131,72.14.213.102,52207,443,6,518
192.168.3.131,206.108.207.163,56049,80,4,768
10.0.2.15,65.54.189.173,2528,1863,43,7341
64.4.9.254,10.0.2.15,1863,2527,9,757
65.54.186.19,10.0.2.15,443,2526,33,21949
66.235.139.121,192.168.3.131,80,56401,5,1701
10.0.2.15,64.4.9.254,2527,1863,8,580
10.0.2.3,10.0.2.15,53,49796,2,868
192.168.3.131,255.255.255.255,68,67,1,342
10.0.2.15,65.54.186.19,2526,443,21,5800
192.168.3.131,208.50.77.136,57121,5480,2,108
10.0.2.15,10.0.2.3,49796,53,2,162
184.85.226.161,172.16.255.1,443,10691,6,1015
172.16.255.1,88.203.161.148,50983,13899,1,82
192.168.3.131,65.54.95.68,56255,80,7,1050
192.168.3.131,72.14.213.103,57880,80,2,108
65.54.95.142,192.168.3.131,80,55973,26,34632
172.16.255.1,130.117.72.100,10638,443,170,9525
65.54.95.39,192.168.3.131,80,56059,12,7352
192.168.3.131,65.54.95.39,56326,80,9,1548
192.168.3.131,65.54.95.68,56406,80,10,3360
192.168.3.131,208.82.236.130,58417,80,8,887
192.168.3.131,208.82.236.129,58304,80,6,891
172.16.255.1,204.9.163.184,10637,443,10,1149
72.14.213.103,192.168.3.131,80,57896,2,120
172.16.255.1,184.85.226.161,10647,443,45,18331
212.8.166.36,172.16.255.1,443,10636,27,4547
192.168.3.131,66.235.139.121,56494,80,3,174
72.14.213.103,192.168.3.131,80,57882,2,120
65.54.95.75,192.168.3.131,80,56090,8,3850
192.168.3.131,174.36.30.111,49206,80,1,242
192.168.3.131,72.14.213.102,52209,443,6,813
130.117.72.100,172.16.255.1,443,10638,354,508537
192.168.3.131,206.108.207.155,56169,80,5,282
72.14.213.103,192.168.3.131,80,57884,2,120
192.168.3.131,66.235.139.121,56161,80,3,174
192.168.3.131,74.125.127.148,57213,5480,2,108
65.54.95.75,192.168.3.131,80,56477,7,3488
172.16.255.1,212.8.166.36,10636,443,23,2708
10.0.2.15,70.37.129.34,2551,80,9,1339
192.168.3.131,72.14.213.103,57881,80,2,108
204.14.234.85,192.168.3.131,443,57244,121,116371
10.0.2.15,96.17.8.49,2547,5480,9,989
72.14.213.103,192.168.3.131,80,57881,2,120
72.14.213.103,192.168.3.131,80,57893,2,120
172.16.255.1,189.126.44.128,50983,3192,1,74
172.16.255.1,208.88.186.244,50983,13392,2,231
65.55.116.184,10.0.2.15,5480,2549,5,718
192.168.3.131,72.14.213.103,57886,80,2,108
87.121.79.141,172.16.255.1,29347,50983,2,212
192.168.3.131,204.14.234.85,57244,8443,94,57158
72.14.213.103,192.168.3.131,80,57898,2,120
192.168.3.131,72.14.213.103,57892,80,2,108
192.168.3.131,72.14.213.132,52402,443,13,1734
72.14.213.103,192.168.3.131,80,57892,2,120
10.0.2.3,10.0.2.15,53,59686,2,392
72.14.213.103,192.168.3.131,80,57883,2,120
72.14.213.103,192.168.3.131,80,57894,2,120
72.14.213.103,192.168.3.131,80,57895,2,120
172.16.255.1,218.173.246.133,50983,21363,1,74
172.16.255.1,213.146.189.205,10688,443,13,1317
72.14.213.103,192.168.3.131,80,57899,2,120
79.143.161.140,172.16.255.1,32575,50983,2,529
178.25.111.25,172.16.255.1,33453,50983,2,121
172.16.255.1,213.64.95.196,50983,7892,1,74
192.168.3.131,204.14.234.85,57248,8443,33,23715
65.54.95.75,192.168.3.131,80,56213,5,467
94.248.101.181,172.16.255.1,38685,50983,1,62
72.14.213.103,192.168.3.131,80,57891,2,120
92.255.161.104,172.16.255.1,43708,50983,2,121
212.50.66.122,172.16.255.1,52091,50983,1,62
172.16.255.1,87.121.79.141,50983,29347,2,138
192.168.3.131,204.14.234.85,57248,443,33,23715
172.16.255.1,217.174.56.245,50983,8395,2,534
208.82.236.129,192.168.3.131,80,58265,8,7104
70.37.129.34,10.0.2.15,80,2551,11,7689
190.213.76.21,172.16.255.1,62669,50983,1,60
192.168.3.131,65.54.95.75,56175,80,9,2555
124.144.10.123,172.16.255.1,50583,50983,1,60
208.82.236.129,192.168.3.131,80,58416,5,3082
172.16.255.1,80.221.22.161,50983,30425,1,76
192.168.3.131,65.54.95.68,56092,80,7,1050
2.120.66.172,172.16.255.1,23852,50983,1,68
72.14.213.120,192.168.3.131,443,52497,9,5025
192.168.3.131,76.74.140.168,56499,80,5,1529
208.50.77.73,192.168.3.131,80,57150,1,60
172.16.255.1,89.34.75.134,50983,23924,2,541
172.16.255.1,92.247.222.20,50983,25987,6,1599
172.16.255.1,10.1.1.2,10694,50023,1,66
172.16.255.1,65.35.35.4,50983,34467,2,534
65.54.189.173,10.0.2.15,1863,2528,63,18271
65.54.95.75,192.168.3.131,80,56456,8,5173
65.54.95.75,192.168.3.131,80,56408,5,467
87.5.175.49,172.16.255.1,42341,50983,3,1188
208.50.77.134,192.168.3.131,5480,57204,1,60
72.14.213.103,192.168.3.131,80,57897,2,120
74.217.50.10,192.168.3.131,80,57038,1,60
207.172.53.166,172.16.255.1,42304,50983,2,642
172.16.255.1,184.85.226.161,10646,443,51,21917
172.16.255.1,95.160.236.51,50983,32683,2,148
172.16.255.1,87.5.175.49,50983,42341,3,615
172.16.255.1,194.171.12.150,50983,44386,3,608
192.168.3.131,65.54.95.140,56319,80,11,1564
192.168.3.131,208.50.77.134,57202,5480,2,108
192.168.3.131,72.14.213.103,57898,80,2,108
172.16.255.1,204.9.163.184,10631,12350,2,132
192.168.3.90,10.0.2.15,139,1095,14,1122
10.0.2.15,192.168.3.90,1095,139,12,966
172.16.255.1,79.143.161.140,50983,32575,2,533
172.16.255.1,204.194.237.136,10670,80,6,936
172.16.255.1,204.9.163.158,10630,80,5,501
204.14.234.85,192.168.3.131,8443,57246,59,45356
172.16.255.1,204.9.163.160,10677,35777,2,132
172.16.255.1,148.88.200.63,50983,42843,3,576
172.16.255.1,92.255.161.104,50983,43708,2,541
172.16.255.1,212.8.166.36,10629,12350,2,132
192.168.3.131,206.108.207.145,56054,80,8,2420
204.9.163.181,172.16.255.1,443,10642,13,12022
192.168.3.131,204.9.163.166,58381,80,6,635
65.54.95.75,192.168.3.131,80,56257,8,5452
65.54.95.75,192.168.3.131,80,56256,7,4509
65.54.95.68,192.168.3.131,80,56255,8,5214
208.82.236.129,192.168.3.131,80,58777,7,3782
10.0.2.15,65.55.25.60,2498,5443,2,108
72.14.213.103,192.168.3.131,80,57885,2,120
10.0.2.3,10.0.2.15,53,50559,2,562
172.16.255.1,194.165.188.79,10627,443,9,1121
188.2.252.64,172.16.255.1,43699,50983,5,340
172.16.255.1,99.96.126.9,50983,32178,1,74
10.0.2.15,70.37.129.32,2552,80,10,1372
172.16.255.1,114.46.144.25,50983,29080,1,75
67.84.192.140,172.16.255.1,443,50983,1,68
192.168.3.131,65.54.95.68,56112,80,7,1050
188.163.1.229,172.16.255.1,50709,50983,1,68
188.231.175.85,172.16.255.1,21827,50983,1,251
172.16.255.1,239.255.255.250,54052,1900,2,349
172.16.255.1,190.213.192.39,50983,9009,1,60
172.16.255.1,67.117.28.180,50983,56259,5,300
172.16.255.1,188.2.252.64,50983,43699,5,300
72.14.213.132,192.168.3.131,443,52402,23,26437
192.168.3.131,72.14.213.103,57890,80,2,108
67.82.196.121,172.16.255.1,10662,50983,1,249
172.16.255.1,212.8.163.80,10679,54900,1,66
192.168.3.131,208.82.236.129,58410,80,5,874
192.168.3.131,65.54.95.75,56139,80,42,2958
172.16.255.1,194.165.188.79,10623,33033,2,132
192.168.3.131,72.14.213.103,57901,80,2,108
109.227.83.14,172.16.255.1,6536,50983,1,349
192.168.3.131,65.54.95.75,56256,80,7,1050
192.168.3.131,208.82.236.130,58490,80,7,833
208.82.236.129,192.168.3.131,80,58487,5,2631
192.168.3.131,72.14.213.103,57884,80,2,108
192.168.3.131,72.14.213.102,55950,80,5,1226
192.168.3.131,72.14.213.103,57894,80,2,108
24.193.140.50,172.16.255.1,9911,50983,1,61
172.16.255.1,147.31.122.1,10622,443,88,6780
128.173.201.171,172.16.255.1,23537,50983,1,60
67.163.123.10,172.16.255.1,39466,50983,1,93
88.198.13.111,172.16.255.1,21368,50983,2,528
172.16.255.1,93.181.202.185,50983,30757,1,63
172.16.255.1,75.76.39.18,50983,35877,1,74
65.54.95.68,192.168.3.131,80,56457,32,40124
109.173.29.34,172.16.255.1,443,10690,8,620
147.31.122.1,172.16.255.1,18165,50983,1,60
172.16.255.1,147.31.122.1,50983,18165,1,67
172.16.255.1,67.215.65.132,137,137,3,276
172.16.255.1,82.58.187.140,50983,43187,1,76
156.26.54.15,172.16.255.1,4300,50983,1,93
192.168.3.131,72.14.213.156,57071,80,2,108
172.16.255.1,224.0.0.252,54048,5355,2,128
192.168.3.131,72.14.213.103,57900,80,2,108
172.16.255.1,255.255.255.255,68,67,1,342
67.84.50.244,172.16.255.1,37499,50983,1,68
10.0.2.15,91.103.140.2,2545,80,7,1570
65.54.95.68,192.168.3.131,80,56236,8,5104
109.173.29.34,172.16.255.1,443,10658,7,571
208.50.77.73,192.168.3.131,80,57149,1,60
65.54.95.75,192.168.3.131,80,56234,8,5665
192.168.3.131,65.54.95.68,56235,80,7,1050
65.54.95.140,192.168.3.131,80,56417,41,51914
192.168.3.131,65.54.95.68,56233,80,16,1553
192.168.3.131,72.14.213.103,57882,80,2,108
192.168.3.131,207.46.148.38,56042,80,5,920
172.16.255.1,204.9.163.158,10619,80,5,347
204.9.163.158,172.16.255.1,80,10617,5,581
192.168.3.131,208.82.236.129,58464,80,7,1011
192.168.3.131,65.54.95.68,56068,80,17,4133
91.103.140.2,10.0.2.15,80,2545,8,2690
192.168.3.131,65.54.95.75,56234,80,7,1050
172.16.255.1,204.9.163.184,10634,12350,1,66
76.167.181.32,172.16.255.1,10848,50983,1,533
204.9.163.166,192.168.3.131,80,58443,5,518
192.168.3.131,204.9.163.166,58443,80,6,635
172.16.255.1,128.241.90.211,10654,80,18,1862
207.46.125.253,10.0.2.15,7001,2532,2,124
72.14.213.102,192.168.3.131,443,52204,5,2337
192.168.3.1,192.168.3.131,53,58673,2,1088
192.168.3.131,208.82.236.129,58439,80,5,878
192.168.3.131,72.14.203.102,57878,80,2,108
208.88.186.242,172.16.255.1,13392,50983,1,60
72.14.203.102,192.168.3.131,80,57878,2,120
208.82.236.129,192.168.3.131,80,58434,6,3994
65.54.95.75,192.168.3.131,80,56214,5,467
65.54.95.68,192.168.3.131,80,56235,7,4721
10.0.2.15,10.0.2.3,64982,53,2,162
192.168.3.131,65.54.95.68,56194,80,6,1046
172.16.255.1,130.206.167.238,50983,54002,1,459
65.54.95.68,192.168.3.131,80,56174,123,179907
204.9.163.166,192.168.3.131,80,58411,5,518
192.168.3.131,72.14.213.103,57899,80,2,108
192.168.3.131,204.14.234.85,57245,8443,47,30809
192.168.3.131,72.14.213.102,52214,443,6,813
65.54.95.75,192.168.3.131,80,56111,7,4222
192.168.3.131,204.14.234.101,57231,8443,6,3464
194.165.188.79,172.16.255.1,443,10627,10,937
172.16.255.1,67.215.65.132,10664,443,7,948
192.168.3.131,65.54.95.140,56360,80,7,1352
192.168.3.131,204.9.163.166,58411,80,6,635
192.168.3.131,72.14.213.138,58770,80,9,4633
172.16.255.1,74.75.251.207,50983,39109,1,66
66.220.149.32,192.168.3.131,80,56048,40,33538
65.54.95.140,192.168.3.131,80,56360,6,3856
194.165.188.76,172.16.255.1,443,10635,7,490
204.9.163.181,172.16.255.1,443,10643,9,5806
204.14.234.85,192.168.3.131,5480,57229,2,120
91.103.140.2,10.0.2.15,5480,2545,8,2690
206.108.207.155,192.168.3.131,80,56168,35,49157
72.14.213.103,192.168.3.131,80,57888,2,120
172.16.255.1,10.1.1.2,10695,50023,1,66
172.16.255.1,182.166.37.160,50983,60573,2,532
172.16.255.1,212.8.163.80,50983,54900,6,675
12.129.210.71,192.168.3.131,80,56167,4,2413
72.14.213.102,192.168.3.131,443,52210,5,492
65.54.95.216,192.168.3.131,80,56166,17,19061
208.82.236.130,192.168.3.131,80,58378,9,9258
192.168.3.131,65.54.95.216,56166,80,11,1136
67.117.28.180,172.16.255.1,56259,50983,5,340
192.168.3.131,72.14.213.167,57032,80,2,108
65.54.95.140,192.168.3.131,80,56165,33,44198
204.14.234.85,192.168.3.131,443,57243,148,142853
208.82.236.129,192.168.3.131,80,58766,6,3390
192.168.3.131,65.54.95.140,56165,80,17,1880
66.235.139.121,192.168.3.131,80,56161,8,2516
192.168.3.131,72.14.213.103,57889,80,2,108
208.50.77.134,192.168.3.131,80,57203,1,60
192.168.3.131,65.54.95.66,56057,80,9,2316
192.168.3.131,65.54.95.66,56505,80,7,2702
192.168.3.131,72.14.213.103,57887,80,2,108
172.16.255.1,207.172.53.166,50983,42304,2,137
172.16.255.1,212.8.163.80,10673,54900,2,132
208.82.236.129,192.168.3.131,80,58830,5,2718
192.168.3.131,207.46.148.38,56163,80,5,927
65.54.95.68,192.168.3.131,80,56160,5,468
65.54.95.140,192.168.3.131,80,56031,4,1700
204.9.163.166,192.168.3.131,80,58547,4,458
192.168.3.131,65.54.95.140,56038,80,13,2516
192.168.3.131,72.14.213.18,49673,443,44,2921
192.168.3.131,208.50.77.134,57201,80,2,108
172.16.255.1,66.235.143.184,10648,443,15,6502
192.168.3.131,65.54.95.140,56039,80,14,3170
66.235.133.62,192.168.3.131,80,56361,4,978
72.14.213.103,192.168.3.131,80,57901,2,120
192.168.3.131,65.54.95.39,52266,80,6,631
192.168.3.131,72.14.213.103,57896,80,2,108
65.54.95.140,192.168.3.131,80,56033,4,1207
192.168.3.131,72.14.213.103,57895,80,2,108
192.168.3.131,65.54.95.68,56174,80,57,3759
72.14.213.156,192.168.3.131,80,57071,2,120
192.168.3.131,65.54.95.68,56065,80,54,3597
192.168.3.131,65.55.17.37,55954,80,13,2551
192.168.3.131,65.54.95.140,56033,80,6,921
172.16.255.1,88.198.13.111,50983,21368,2,532
192.168.3.131,66.235.133.62,56323,80,3,174
192.168.3.131,65.54.95.140,56032,80,6,920
172.16.255.1,118.6.206.252,50983,48570,4,298
192.168.3.131,65.54.95.140,56031,80,6,931
207.46.148.38,192.168.3.131,80,56052,4,2095
208.88.186.244,172.16.255.1,13392,50983,2,120
65.54.95.75,192.168.3.131,80,56066,19,22290
65.55.25.60,10.0.2.15,443,2498,1,60
172.16.255.1,69.255.24.214,50983,24506,1,70
109.255.178.86,172.16.255.1,443,10659,8,675
65.54.95.68,192.168.3.131,80,56368,124,179962
192.168.3.131,65.54.95.142,56028,80,7,1012
184.24.143.139,192.168.3.131,80,56023,3,443
145.94.52.184,172.16.255.1,11610,50983,1,60
192.168.3.131,208.82.236.130,58486,80,8,887
192.168.3.131,65.54.95.140,56037,80,22,3005
192.168.3.131,72.14.213.147,52152,443,90,9571
65.54.167.27,10.0.2.15,5480,2548,52,45304
65.54.95.142,192.168.3.131,80,56029,9,7391
172.16.255.1,213.166.51.4,10626,33033,1,66
125.232.97.116,172.16.255.1,60875,50983,1,60
172.16.255.1,194.165.188.76,10628,12350,2,132
147.31.122.1,172.16.255.1,443,10622,86,25086
208.82.236.129,192.168.3.131,80,58439,5,2625
192.168.3.131,65.54.95.68,56430,80,2,120
208.82.236.129,192.168.3.131,80,58750,5,3097
65.54.95.140,192.168.3.131,80,56127,5,1760
192.168.3.131,65.54.95.140,56012,80,18,1381
208.82.236.129,192.168.3.131,80,58360,5,2750
172.16.255.1,212.8.163.80,50983,43400,1,154
172.16.255.1,172.16.0.1,61996,5351,4,216
172.16.255.1,209.105.148.72,50983,56138,1,459
65.54.95.68,192.168.3.131,80,56110,28,35375
207.47.250.146,172.16.255.1,52634,50983,1,498
72.14.213.102,192.168.3.131,443,52213,5,492
74.125.127.148,192.168.3.131,80,57213,1,60
65.54.95.140,192.168.3.131,80,56038,15,15052
174.48.244.28,172.16.255.1,31727,50983,3,584
192.168.3.131,66.220.149.32,56048,80,26,8232
65.54.95.68,192.168.3.131,80,56068,25,26813
65.54.186.19,10.0.2.15,5443,2526,33,21949
72.14.213.103,192.168.3.131,80,57902,2,120
192.168.3.131,66.235.136.89,57242,8443,4,239
192.168.3.1,192.168.3.131,53,60629,2,1084
70.37.129.32,10.0.2.15,5480,2552,12,8473
72.14.213.102,192.168.3.131,443,52212,5,492
204.14.234.85,192.168.3.131,8443,57244,121,116371
192.168.3.131,208.82.236.129,58310,80,7,910
192.168.3.131,65.55.206.199,56022,80,72,12897
172.16.255.1,109.227.83.224,10689,443,9,628
192.168.3.131,72.14.213.102,52215,443,6,813
172.16.255.1,204.9.163.181,10639,443,19,4501
192.168.3.131,65.54.95.68,56160,80,6,1046
172.16.255.1,71.224.25.112,50983,33695,2,157
192.168.3.131,72.14.213.102,52213,443,6,813
204.14.234.85,192.168.3.131,443,57249,12,9592
192.168.3.131,65.54.95.140,56415,80,34,7539
192.168.3.131,72.14.213.102,52212,443,6,813
192.168.3.131,206.108.207.163,56136,80,5,282
64.4.35.57,10.0.2.15,61863,2550,18,1523
65.54.95.75,192.168.3.131,80,56073,29,31469
207.46.0.109,192.168.3.131,80,56320,31,23190
65.54.95.140,192.168.3.131,80,56030,4,1256
65.54.95.142,192.168.3.131,80,56028,7,5494
72.14.213.102,192.168.3.131,443,52207,5,2337
72.14.213.102,192.168.3.131,443,52206,5,2337
192.168.3.131,65.54.95.140,56026,80,9,2318
206.108.207.163,192.168.3.131,80,56136,4,654
172.16.255.1,76.167.181.32,50983,10848,1,72
10.0.2.15,10.0.2.3,61870,53,2,154
172.16.255.1,95.68.58.110,50983,17865,1,459
65.54.95.140,192.168.3.131,80,56032,4,1201
192.168.3.131,65.54.95.142,56029,80,9,1729
65.54.95.68,192.168.3.131,80,56430,2,126
65.54.95.39,192.168.3.131,80,52248,5,476
72.14.213.102,192.168.3.131,443,52201,5,2337
172.16.255.1,114.46.199.16,50983,59468,2,137
172.16.255.1,213.19.120.150,50983,16763,1,71
208.82.236.130,192.168.3.131,80,58543,11,10947
172.16.255.1,172.16.0.1,54055,5351,4,216
204.9.163.166,192.168.3.131,80,58381,5,518
192.168.3.131,65.55.5.231,55959,80,30,13934
192.168.3.131,65.54.95.140,56416,80,31,7378
172.16.255.1,204.9.163.181,10642,443,11,2091
65.54.95.140,192.168.3.131,80,55963,13,13305
192.168.3.131,208.82.236.129,58305,80,5,677
184.85.226.161,172.16.255.1,443,10646,70,83780
192.168.3.131,65.54.95.140,55963,80,12,1853
208.82.236.130,192.168.3.131,80,58517,7,5191
192.168.3.131,66.235.133.62,56134,80,4,228
172.16.255.1,87.64.66.227,50983,31783,2,533
192.168.3.131,224.0.0.252,54600,5355,2,128
72.14.213.102,192.168.3.131,443,52215,5,492
192.168.3.131,65.54.95.68,56292,80,6,1046
172.16.255.1,204.9.163.181,10643,443,9,1967
208.50.77.134,192.168.3.131,80,57186,1,60
192.168.3.131,65.54.95.39,56055,80,15,3629
192.168.3.131,72.14.213.102,52211,443,6,813
72.14.213.147,192.168.3.131,80,57839,26,21818
65.54.95.140,192.168.3.131,80,56132,29,38779
192.168.3.131,65.54.95.75,56509,80,46,3410
65.55.5.231,192.168.3.131,80,55959,15,16000
204.9.163.158,172.16.255.1,80,10630,5,585
72.14.213.103,192.168.3.131,80,57880,2,120
10.0.2.3,10.0.2.15,53,59365,2,390
192.168.3.131,208.82.236.130,58353,80,7,833
72.14.213.101,192.168.3.131,80,55968,11,1850
192.168.3.131,65.55.5.232,55962,80,18,8520
192.168.3.131,72.14.213.103,57885,80,2,108
65.54.95.140,192.168.3.131,80,56037,32,42646
65.54.95.68,192.168.3.131,80,56406,10,6767
95.68.58.110,172.16.255.1,17865,50983,1,60
192.168.3.131,65.54.95.75,56213,80,6,1046
65.54.95.75,192.168.3.131,80,56175,7,909
172.16.0.1,172.16.255.1,67,68,1,342
192.168.3.131,65.54.95.75,56456,80,7,1282
206.108.207.163,192.168.3.131,80,56049,4,1985
204.9.163.181,172.16.255.1,443,10641,13,11526
208.82.236.129,192.168.3.131,80,58310,9,8987
208.82.236.129,192.168.3.131,80,58272,8,7040
192.168.3.131,65.54.95.142,55973,80,16,1264
172.16.255.1,188.231.175.85,50983,21827,1,64
66.235.139.121,192.168.3.131,80,56126,11,3255
207.46.216.54,192.168.3.131,80,55972,4,852
65.54.95.68,192.168.3.131,80,56194,5,468
66.235.133.62,192.168.3.131,80,56134,6,1832
172.16.255.1,204.9.163.160,10686,35777,1,66
192.168.3.131,65.54.95.75,56073,80,20,4906
172.16.255.1,218.166.122.86,50983,22511,2,532
192.168.3.131,72.14.213.102,52203,443,6,518
10.0.2.15,65.55.25.60,2489,80,1,54
66.235.139.121,192.168.3.131,80,55956,5,2122
192.168.3.131,174.36.30.111,49206,5480,1,242
88.203.161.148,172.16.255.1,13899,50983,1,61
192.168.3.131,65.55.206.199,56034,80,18,4537
192.168.3.131,208.82.236.129,58416,80,5,905
192.168.3.131,66.235.139.121,55956,80,8,3933
208.82.236.129,192.168.3.131,80,58440,5,3082
192.168.3.131,74.217.50.10,57038,80,2,108
65.55.206.199,192.168.3.131,80,56022,131,191158
208.82.236.129,192.168.3.131,80,58388,7,4032
208.50.77.73,192.168.3.131,5480,57173,1,60
192.168.3.131,65.54.95.140,56040,80,13,3119
192.168.3.131,65.54.95.39,56056,80,12,2855
192.168.3.131,184.24.143.139,56023,80,4,725
65.54.167.27,10.0.2.15,80,2548,52,45304
184.85.226.161,172.16.255.1,443,10651,21,14894
192.168.3.131,208.82.236.129,58303,80,5,834
192.168.3.131,208.82.236.129,58608,80,5,879
10.0.2.2,10.0.2.15,48575,1900,20,4050
192.168.3.131,208.82.236.129,58272,80,7,954
208.82.236.130,192.168.3.131,80,58490,10,10027
208.82.236.129,192.168.3.131,80,58303,4,458
192.168.3.131,66.235.139.121,56126,80,6,336
172.16.255.1,67.9.27.118,50983,48240,1,60
217.174.56.245,172.16.255.1,8395,50983,2,529
192.168.3.131,65.54.95.140,56127,80,6,1234
192.168.3.131,63.215.202.48,55966,80,6,851
192.168.3.131,65.54.95.68,56429,80,21,6377
10.0.2.15,207.46.105.186,2540,5480,6,729
208.82.236.129,192.168.3.131,80,58304,8,7231
65.54.95.75,192.168.3.131,80,56069,22,25378
192.168.3.131,65.54.95.75,56111,80,7,1050
172.16.255.1,212.8.166.36,10633,12350,1,66
192.168.3.131,207.46.148.38,56506,80,5,901
192.168.3.131,208.82.236.130,58377,80,6,779
188.17.181.29,172.16.255.1,443,50983,1,68
87.64.66.227,172.16.255.1,31783,50983,2,528
172.16.255.1,24.193.140.50,50983,9911,1,82
192.168.3.131,65.55.5.232,55957,80,32,14661
65.35.35.4,172.16.255.1,34467,50983,2,120
192.168.3.131,65.55.17.37,55971,80,5,1497
192.168.3.131,65.54.95.75,56113,80,7,1050
72.14.213.102,192.168.3.131,443,52209,5,492
208.50.77.97,192.168.3.131,5480,57145,1,60
66.235.139.121,192.168.3.131,80,56050,2,126
192.168.3.131,204.14.234.85,57249,8443,7,4472
172.16.255.1,71.67.129.20,50983,21319,2,541
172.16.255.1,184.85.226.161,10650,443,27,14372
66.235.133.62,192.168.3.131,80,56053,7,3120
192.168.3.131,207.46.216.54,55972,80,8,2156
192.168.3.131,206.108.207.155,56168,80,20,2601
204.9.163.158,172.16.255.1,80,10618,5,581
206.108.207.139,192.168.3.131,80,55960,11,4794
204.14.234.85,192.168.3.131,8443,57249,12,9592
65.54.95.39,192.168.3.131,80,52266,5,476
172.16.255.1,239.255.255.250,63802,1900,2,349
109.173.29.34,172.16.255.1,443,10683,7,541
192.168.3.131,65.54.95.75,56069,80,16,4078
72.14.213.147,192.168.3.131,443,52152,216,113354
192.168.3.131,208.82.236.129,58440,80,5,908
63.215.202.49,192.168.3.131,80,55967,6,4544
10.0.2.15,198.104.200.146,2539,80,5,681
72.14.213.102,192.168.3.131,443,52214,5,492
192.168.3.131,69.63.181.15,57192,5480,2,108
65.55.17.37,192.168.3.131,80,55954,19,25502
65.54.95.216,192.168.3.131,80,56133,32,42164
192.168.3.131,72.14.213.102,52202,443,45,3712
65.54.95.68,192.168.3.131,80,56233,28,35067
207.46.148.38,192.168.3.131,80,55955,3,455
172.16.255.1,10.1.1.2,50983,50023,3,495
63.215.202.48,192.168.3.131,80,55966,4,858
192.168.3.131,239.255.255.250,57757,1900,6,996
72.14.213.102,192.168.3.131,443,52203,5,2337
192.168.3.131,65.54.95.39,52257,80,6,597
192.168.3.131,65.54.95.75,56257,80,7,1050
192.168.3.131,72.14.213.102,52205,443,6,518
172.16.255.1,70.80.140.19,50983,64588,1,72
194.192.199.252,172.16.255.1,443,10667,36,42038
192.168.3.131,72.14.213.103,57891,80,2,108
192.168.3.131,65.54.95.68,56386,80,6,1046
65.54.95.75,192.168.3.131,80,56091,9,6017
192.168.3.131,65.54.95.140,56027,80,12,3693
65.54.95.140,192.168.3.131,80,56012,30,40969
192.168.3.131,204.14.234.101,57233,443,4,3687
66.209.190.254,172.16.255.1,50983,50023,2,140
192.168.3.131,72.14.213.102,52206,443,6,518
208.50.77.136,192.168.3.131,80,57121,1,60
192.168.3.131,208.50.77.136,57121,80,2,108
206.108.207.155,192.168.3.131,80,56169,4,654
71.67.129.20,172.16.255.1,21319,50983,2,121
208.82.236.130,192.168.3.131,80,58352,8,6374
208.82.236.130,192.168.3.131,80,58486,10,9504
192.168.3.131,208.82.236.129,58666,80,5,879
192.168.3.131,66.235.139.121,56050,80,2,120
109.229.25.126,172.16.255.1,443,10684,8,611
208.82.236.129,192.168.3.131,80,58264,4,456
65.54.95.75,192.168.3.131,80,56139,91,129167
194.171.12.150,172.16.255.1,44386,50983,3,994
212.8.163.80,172.16.255.1,43400,50983,1,60
192.168.3.131,206.108.207.138,56058,80,78,8639
192.168.3.131,72.14.213.102,52201,443,6,518
192.168.3.131,208.82.236.130,58351,80,7,833
114.33.52.13,172.16.255.1,38843,50983,1,60
192.168.3.131,72.14.213.105,57721,443,2,108
209.105.148.72,172.16.255.1,56138,50983,1,60
172.16.255.1,204.9.163.160,50983,35777,3,462
72.14.213.18,192.168.3.131,443,49673,88,11885
10.0.2.15,10.0.2.3,57524,53,2,176
192.168.3.131,66.235.139.121,56021,80,6,1671
65.55.206.199,192.168.3.131,80,56411,42,58750
207.46.96.145,10.0.2.15,80,2529,48,36940
69.63.181.15,192.168.3.131,5480,57192,2,120
65.54.95.75,192.168.3.131,80,56067,50,61432
10.0.2.15,10.0.2.3,59365,53,2,172
172.16.255.1,172.16.255.255,137,137,12,1104
72.14.213.102,192.168.3.131,443,52208,5,492
72.14.213.105,192.168.3.131,443,57721,4,326
192.168.3.131,206.108.207.139,55960,80,20,6891
72.14.213.102,192.168.3.131,443,52205,5,2337
82.58.187.140,172.16.255.1,43187,50983,1,60
172.16.255.1,204.9.163.158,10620,80,5,347
72.14.213.149,192.168.3.131,80,56421,4,2464
65.54.95.75,192.168.3.131,80,56064,115,165205
192.168.3.131,12.129.210.71,56167,80,5,1166
192.168.3.131,72.14.213.102,52204,443,6,518
195.27.155.11,192.168.3.131,80,56061,8,1662
208.82.236.130,192.168.3.131,80,58351,10,9730
192.168.3.131,208.82.236.130,58352,80,6,779
65.54.95.140,192.168.3.131,80,56500,31,40319
10.0.2.15,10.0.2.3,50559,53,2,148
109.173.29.34,172.16.255.1,443,10697,7,532
10.0.2.15,207.46.96.145,2529,5480,29,2477
172.16.255.1,194.165.188.79,10625,33033,1,66
192.168.3.131,72.14.213.149,56421,80,4,943
65.54.95.140,192.168.3.131,80,56041,21,24353
172.16.255.1,92.224.118.42,50983,50289,2,148
184.24.133.32,192.168.3.131,80,55961,3,702
65.55.206.199,192.168.3.131,80,56034,26,31150
207.46.148.38,192.168.3.131,80,56042,3,749
188.22.186.229,172.16.255.1,14487,50983,1,68
172.16.255.1,212.8.163.80,10672,54900,2,132
65.54.95.216,192.168.3.131,80,56044,17,19061
172.16.255.1,67.82.196.121,50983,10662,1,64
65.54.95.140,192.168.3.131,80,56502,12,11796
69.255.24.214,172.16.255.1,24506,50983,1,93
208.82.236.130,192.168.3.131,80,58377,9,8838
65.54.95.68,192.168.3.131,80,56092,8,5440
111.249.130.107,172.16.255.1,42403,50983,1,60
10.0.2.15,64.4.35.57,2550,61863,16,1656
71.224.25.112,172.16.255.1,33695,50983,2,153
207.46.113.78,10.0.2.15,443,2544,16,8171
192.168.3.131,65.54.95.140,56041,80,16,2681
192.168.3.131,207.46.0.109,56051,80,14,7729
192.168.3.131,207.46.148.38,56052,80,5,921
178.144.253.171,172.16.255.1,43217,50983,1,93
192.168.3.131,65.54.95.75,56214,80,6,1046
208.50.77.73,192.168.3.131,5480,57150,1,60
65.54.95.39,192.168.3.131,80,56055,15,10809
72.14.213.103,192.168.3.131,80,57900,2,120
65.54.95.39,192.168.3.131,80,56056,10,4780
65.54.95.66,192.168.3.131,80,56057,10,6520
65.54.95.140,192.168.3.131,80,56128,7,4736
172.16.255.1,69.126.180.28,50983,443,1,60
172.16.255.1,190.39.220.172,50983,443,1,60
207.46.148.38,192.168.3.131,80,56163,3,749
207.46.0.109,192.168.3.131,80,56051,32,22819
192.168.3.131,65.54.95.39,56059,80,13,2859
192.168.3.131,195.27.155.11,56061,80,14,6527
192.168.3.131,65.54.95.75,56064,80,54,4282
208.50.77.73,192.168.3.131,80,57173,1,60
10.0.2.15,207.46.113.78,2544,5443,13,3352
65.54.95.68,192.168.3.131,80,56065,123,179908
192.168.3.131,208.82.236.129,58786,80,5,878
192.168.3.131,207.46.148.38,56357,80,5,927
192.168.3.131,65.54.95.75,56066,80,12,1297
190.164.247.173,172.16.255.1,29044,50983,1,60
66.235.139.121,192.168.3.131,80,56021,9,3045
72.14.213.102,192.168.3.131,443,52202,86,73586
192.168.3.131,65.54.95.75,56067,80,38,10986
192.168.3.131,69.63.181.15,57192,80,2,108
192.168.3.131,208.82.236.129,58485,80,5,873
65.54.95.75,192.168.3.131,80,56455,7,3899
65.55.5.232,192.168.3.131,80,55962,10,12099
95.86.252.198,172.16.255.1,6192,50983,2,669
172.16.255.1,109.173.29.34,10690,443,10,698
207.46.148.38,192.168.3.131,80,56420,3,1057
192.168.3.131,204.14.234.101,57233,8443,4,3687
65.54.95.68,192.168.3.131,80,56070,28,36290
72.14.213.138,192.168.3.131,80,57011,5,1616
192.168.3.131,207.46.148.38,56318,80,5,927
192.168.3.131,208.82.236.129,58434,80,5,909
76.74.140.168,192.168.3.131,80,56328,5,324
192.168.3.131,208.82.236.129,58327,80,7,960
192.168.3.131,65.54.95.39,52248,80,6,631
65.54.95.140,192.168.3.131,80,56503,12,10793
192.168.3.131,192.168.3.90,49166,445,10,1410
65.55.206.209,192.168.3.131,80,55953,2,410
208.82.236.129,192.168.3.131,80,58327,8,6484
65.54.95.75,192.168.3.131,80,56113,8,5931
72.14.213.105,192.168.3.131,80,57838,2,120
172.16.255.1,124.144.10.123,50983,50583,1,459
192.168.3.131,65.54.95.75,56090,80,7,1050
72.14.213.167,192.168.3.131,80,57032,2,120
192.168.3.131,207.46.148.38,56129,80,5,927
218.166.122.86,172.16.255.1,22511,50983,2,120
72.14.213.102,192.168.3.131,80,55950,4,727
192.168.3.131,65.54.95.68,56093,80,14,1444
208.82.236.129,192.168.3.131,80,58786,6,3274
65.54.95.140,192.168.3.131,80,56036,36,46833
206.108.207.138,192.168.3.131,80,56058,163,235400
65.54.95.39,192.168.3.131,80,52257,5,476
172.16.255.1,129.132.232.116,50983,7704,2,286
192.168.3.131,65.54.95.68,56070,80,16,1552
192.168.3.131,65.54.95.216,56133,80,19,1794
192.168.3.131,65.55.57.251,57058,5480,1,54
192.168.3.131,208.82.236.129,58264,80,5,835
207.46.148.38,192.168.3.131,80,56135,4,2095
208.82.236.129,192.168.3.131,80,58350,5,2700
192.168.3.131,66.235.139.121,56317,80,3,174
208.82.236.129,192.168.3.131,80,58485,5,2680
192.168.3.131,65.55.118.107,56035,80,8,2763
192.168.3.131,208.82.236.129,58360,80,5,871
24.78.140.118,172.16.255.1,24884,50983,2,196
192.168.3.131,72.14.213.101,55968,80,14,5654
192.168.3.131,208.82.236.130,58361,80,6,779
172.16.255.1,204.9.163.158,10617,80,5,347
208.82.236.130,192.168.3.131,80,58609,12,12694
172.16.255.1,213.166.51.4,10624,33033,1,66
189.126.44.128,172.16.255.1,3192,50983,1,60
89.34.75.134,172.16.255.1,23924,50983,2,121
208.82.236.130,192.168.3.131,80,58353,10,10280
192.168.3.131,65.54.95.75,56479,80,7,1282
192.168.3.131,208.82.238.129,58362,80,2,120
192.168.3.131,72.14.213.138,57011,80,8,3271
208.82.236.130,192.168.3.131,80,58361,10,9386
172.16.255.1,67.215.65.132,10704,445,3,194
174.36.30.111,192.168.3.131,5480,49206,2,312
192.168.3.131,65.54.95.68,56110,80,16,1553
208.82.236.130,192.168.3.131,80,58389,8,6967
192.168.3.131,207.46.148.38,56135,80,5,928
172.16.255.1,194.165.188.76,10635,443,8,768
10.0.2.15,10.0.2.3,59794,53,2,164
192.168.3.131,208.82.236.129,58487,80,5,873
192.168.3.131,208.82.236.130,58378,80,7,833
192.168.3.131,65.54.95.140,56128,80,8,2232
65.55.116.184,10.0.2.15,80,2549,5,718
192.168.3.131,65.54.95.68,56428,80,16,1830
65.54.95.66,192.168.3.131,80,56505,9,6460
65.55.118.107,192.168.3.131,80,56324,3,796
207.46.148.38,192.168.3.131,80,56129,4,2644
172.16.255.1,111.249.130.107,50983,42403,1,76
192.168.3.131,65.54.95.140,56132,80,17,1836
10.0.2.15,65.55.25.60,2498,443,2,108
65.55.17.37,192.168.3.131,80,55971,3,1449
192.168.3.131,207.46.148.38,55955,80,5,730
192.168.3.131,65.54.95.75,56141,80,9,2555
172.16.255.1,71.67.132.22,50983,28376,1,459
72.14.213.103,192.168.3.131,80,57890,2,120
24.192.137.36,172.16.255.1,45156,50983,1,605
172.16.255.1,156.26.54.15,50983,4300,1,68
172.16.255.1,178.144.253.171,50983,43217,1,70
97.103.179.155,172.16.255.1,2151,50983,1,62
192.168.3.131,72.14.213.132,52399,443,10,1673
66.235.136.89,192.168.3.131,443,57250,5,1014
192.168.3.131,208.82.236.130,58517,80,6,779
82.226.125.157,172.16.255.1,45834,50983,1,60
71.67.132.22,172.16.255.1,28376,50983,1,60
65.55.239.163,192.168.3.131,80,55958,9,3780
172.16.255.1,188.22.186.229,50983,14487,1,60
65.55.15.244,10.0.2.15,5480,2536,17,7934
192.168.3.131,208.82.236.129,58388,80,5,901
208.50.77.134,192.168.3.131,5480,57205,1,60
184.85.226.161,172.16.255.1,443,10647,58,67903
172.16.255.1,184.85.226.161,10649,443,16,7216
172.16.255.1,184.85.226.161,10651,443,23,13031
65.54.95.68,192.168.3.131,80,56331,123,179908
172.16.255.1,184.85.226.161,10652,443,25,13155
184.85.226.161,172.16.255.1,443,10649,16,12476
172.16.255.1,204.9.163.158,10618,80,5,347
65.54.95.75,192.168.3.131,80,56438,20,20675
182.166.37.160,172.16.255.1,60573,50983,2,120
10.0.2.15,10.0.2.2,48575,1900,20,3490
172.16.255.1,111.250.201.8,50983,62599,1,74
66.235.143.184,172.16.255.1,443,10648,9,5982
192.168.3.131,208.82.236.129,58788,80,5,878
192.168.3.131,65.54.95.75,56407,80,6,1360
172.16.255.1,128.241.90.211,10655,80,15,1714
207.46.113.78,10.0.2.15,443,2542,12,6172
204.14.234.85,192.168.3.131,8443,57243,148,142853
134.2.48.153,172.16.255.1,8984,50983,1,607
172.16.255.1,190.213.76.21,50983,62669,1,459
128.241.90.211,172.16.255.1,80,10653,26,34744
172.16.255.1,204.9.163.181,10641,443,11,2091
128.241.90.211,172.16.255.1,80,10654,27,35966
128.241.90.211,172.16.255.1,80,10655,19,23687
10.0.2.15,10.0.2.3,54657,53,2,168
65.55.118.107,192.168.3.131,80,56035,6,1281
10.0.2.3,10.0.2.15,53,54657,2,800
10.0.2.15,207.46.96.145,2529,80,29,2477
10.0.2.15,207.46.125.253,2531,7001,2,124
65.55.57.251,192.168.3.131,5480,57058,1,60
10.0.2.15,207.46.125.253,2532,7001,2,124
65.54.95.140,192.168.3.131,80,56039,18,18651
207.46.125.254,10.0.2.15,7001,2532,2,124
65.54.95.39,192.168.3.131,80,56363,9,6687
95.160.236.51,172.16.255.1,32683,50983,1,61
67.215.65.132,172.16.255.1,443,10665,6,1781
10.0.2.15,10.0.2.3,54795,53,2,142
10.0.2.3,10.0.2.15,53,54795,2,454
65.55.25.60,10.0.2.15,5443,2498,1,60
208.50.77.134,192.168.3.131,80,57205,1,60
192.168.3.131,72.14.213.103,57883,80,2,108
10.0.2.15,65.55.15.244,2536,80,13,5691
192.168.3.131,208.50.77.73,57150,80,2,108
10.0.2.15,65.55.15.244,2537,80,11,5640
10.0.2.15,207.46.125.253,2535,7001,4,248
65.55.15.244,10.0.2.15,80,2536,17,7934
192.168.3.131,204.14.234.85,57245,443,47,30809
10.0.2.15,10.0.2.3,58971,53,2,144
65.55.15.244,10.0.2.15,80,2537,13,6481
74.75.251.207,172.16.255.1,39109,50983,1,93
172.16.255.1,173.178.118.29,50983,54049,1,72
207.46.125.253,10.0.2.15,7001,2535,4,248
70.80.140.19,172.16.255.1,64588,50983,1,533
172.16.255.1,109.229.25.126,10684,443,10,699
172.16.255.1,10.1.1.2,10692,50023,2,132
65.54.189.173,10.0.2.15,61863,2528,63,18271
172.16.255.1,109.227.83.14,50983,6536,1,83
208.50.77.73,192.168.3.131,5480,57149,1,60
72.14.213.101,192.168.3.131,80,57024,2,120
192.168.3.131,208.50.77.73,57173,5480,2,108
192.168.3.131,208.50.77.134,57203,80,2,108
192.168.3.131,72.14.213.101,57024,80,2,108
114.46.199.16,172.16.255.1,59468,50983,2,210
207.46.125.254,10.0.2.15,7001,2538,4,248
192.168.3.131,66.235.139.121,56401,80,5,1681
10.0.2.3,10.0.2.15,53,61870,2,690
192.168.3.131,65.54.95.140,56419,80,17,5811
192.168.3.131,208.82.236.129,58265,80,6,942
198.104.200.146,10.0.2.15,80,2539,3,364
192.168.3.131,66.235.133.62,56053,80,4,228
10.0.2.15,91.103.140.2,2546,80,5,802
72.14.213.102,192.168.3.131,443,52211,5,492
72.14.213.156,192.168.3.131,80,57231,2,120
192.168.3.131,72.14.213.102,52210,443,6,813
192.168.3.131,72.14.213.156,57231,80,2,108
72.14.213.103,192.168.3.131,80,57879,2,120
72.14.213.156,192.168.3.131,80,57230,2,120
65.54.95.140,192.168.3.131,80,56319,14,16036
192.168.3.131,72.14.213.103,57897,80,2,108
192.168.3.131,72.14.213.156,57230,80,2,108
172.16.255.1,66.209.190.84,50983,4813,1,70
207.46.105.186,10.0.2.15,80,2540,4,325
172.16.255.1,109.173.29.34,10658,443,9,625
172.16.255.1,109.255.178.86,10659,443,7,582
192.168.3.131,184.24.133.32,55961,80,4,932
172.16.255.1,94.248.101.181,50983,38685,1,76
218.173.246.133,172.16.255.1,21363,50983,1,605
192.168.3.99,192.168.3.131,161,52400,8,992
192.168.3.131,208.82.236.130,58389,80,6,779
71.10.26.41,172.16.255.1,14168,50983,1,60
65.54.95.140,192.168.3.131,80,56040,16,16583
213.64.95.196,172.16.255.1,7892,50983,1,533
99.96.126.9,172.16.255.1,32178,50983,1,60
172.16.255.1,67.215.65.132,10661,443,7,920
192.168.3.131,65.55.118.107,56324,80,6,1730
192.168.3.131,65.54.95.68,56236,80,7,1050
192.168.3.131,65.54.95.68,56331,80,58,3813
204.194.237.136,172.16.255.1,80,10668,6,2250
67.215.65.132,172.16.255.1,443,10661,6,1717
65.54.95.140,192.168.3.131,80,56358,4,1182
172.16.255.1,207.47.250.146,50983,52634,1,74
172.16.255.1,67.215.65.132,10665,443,7,964
172.16.255.1,194.192.199.252,10667,443,22,2029
67.215.65.132,172.16.255.1,443,10664,6,1765
65.54.95.140,192.168.3.131,80,56419,21,22724
172.16.255.1,204.194.237.136,10669,80,7,1020
204.194.237.136,172.16.255.1,80,10669,5,2342
72.14.213.103,192.168.3.131,80,57887,2,120
172.16.255.1,66.209.190.84,50983,53679,1,70
64.4.9.254,10.0.2.15,61863,2527,9,757
204.194.237.136,172.16.255.1,80,10670,6,2348
10.0.2.3,10.0.2.15,53,64982,2,578
172.16.255.1,95.139.1.252,50983,13208,2,139
172.16.255.1,67.84.192.140,50983,443,1,60
172.16.255.1,109.227.83.224,10671,443,9,612
10.0.2.15,207.46.105.186,2540,80,6,729
212.8.163.80,172.16.255.1,54900,50983,2,137
192.168.3.131,69.63.181.15,57198,5480,2,108
95.139.1.252,172.16.255.1,13208,50983,2,210
65.55.15.244,10.0.2.15,5480,2537,13,6481
109.227.83.224,172.16.255.1,443,10671,7,540
172.16.255.1,190.164.247.173,50983,29044,1,76
213.19.120.150,172.16.255.1,16763,50983,1,533
10.0.2.15,10.0.2.3,57632,53,2,172
10.0.2.3,10.0.2.15,53,57632,2,482
192.168.3.131,65.54.95.75,56435,80,29,7653
10.0.2.15,207.46.113.78,2542,443,13,3315
192.168.3.131,74.125.127.148,57213,80,2,108
172.16.255.1,188.246.82.7,50983,32291,1,76
65.54.95.68,192.168.3.131,80,56292,5,468
192.168.3.131,65.54.95.140,56497,80,17,3503
188.246.82.7,172.16.255.1,32291,50983,1,61
10.0.2.3,10.0.2.15,53,61133,2,390
172.16.255.1,114.33.52.13,50983,38843,1,76
192.168.3.131,204.14.234.85,57247,443,36,23898
192.168.3.131,65.54.95.216,56044,80,13,1244
10.0.2.15,65.55.116.184,2543,80,5,1052
172.16.255.1,212.50.66.122,50983,52091,1,74
172.16.255.1,67.163.123.10,50983,39466,1,77
172.16.255.1,145.120.22.109,50983,51491,2,157
80.221.22.161,172.16.255.1,30425,50983,1,498
65.54.95.68,192.168.3.131,80,56112,8,5748
172.16.255.1,212.8.163.80,10678,54900,1,66
192.168.3.131,208.82.236.129,58757,80,5,912
10.0.2.15,10.0.2.3,62310,53,2,148
192.168.3.131,72.14.213.102,52208,443,6,813
192.168.3.131,65.54.95.140,56358,80,6,1280
65.55.116.184,10.0.2.15,80,2543,5,950
204.9.163.158,172.16.255.1,80,10620,5,581
10.0.2.15,207.46.113.78,2544,443,13,3352
65.54.95.75,192.168.3.131,80,56435,44,51290
192.168.3.131,65.54.95.140,56036,80,24,3708
172.16.255.1,109.227.83.224,10696,443,9,637
172.16.255.1,186.80.218.34,50983,3290,2,137
186.80.218.34,172.16.255.1,3290,50983,2,211
172.16.255.1,110.67.111.103,50983,64228,1,74
172.16.255.1,204.194.237.136,10668,80,7,958
110.67.111.103,172.16.255.1,64228,50983,1,60
192.168.3.131,208.50.77.97,57174,5480,2,108
172.16.255.1,125.232.97.116,50983,60875,1,74
192.168.3.131,208.82.236.129,58350,80,5,871
172.16.255.1,212.8.163.80,10674,43400,2,132
192.168.3.131,72.14.213.103,57888,80,2,108
192.168.3.131,65.54.95.75,56436,80,29,10254
84.197.9.59,172.16.255.1,44808,50983,1,62
213.146.189.205,172.16.255.1,443,10688,11,1041
192.168.3.131,65.54.95.140,56359,80,8,2366
65.54.95.140,192.168.3.131,80,56418,34,43460
145.120.22.109,172.16.255.1,51491,50983,2,401
10.0.2.15,10.0.2.3,58511,53,2,168
91.103.140.2,10.0.2.15,80,2546,3,443
192.168.3.131,209.17.73.30,58789,80,64,3901
172.16.255.1,134.2.48.153,50983,8984,1,74
192.168.3.131,208.82.236.130,58668,80,7,833
172.16.255.1,24.192.137.36,50983,45156,1,74
92.224.118.42,172.16.255.1,50289,50983,1,60
172.16.255.1,67.170.187.174,50983,38922,1,76
172.16.255.1,204.9.163.160,10676,35777,2,132
72.14.213.103,192.168.3.131,80,57889,2,120
10.0.2.3,10.0.2.15,53,58511,2,718
10.0.2.15,96.17.8.49,2547,80,9,989
192.168.3.131,65.54.95.68,56140,80,59,3867
118.6.206.252,172.16.255.1,48570,50983,2,996
96.17.8.49,10.0.2.15,80,2547,12,8848
67.170.187.174,172.16.255.1,38922,50983,1,60
174.36.30.111,192.168.3.131,80,49206,2,312
172.16.255.1,145.94.52.184,50983,11610,1,76
192.168.3.131,65.55.239.163,55958,80,18,8642
207.46.113.78,10.0.2.15,5443,2544,16,8171
172.16.255.1,98.243.160.202,50983,53755,1,76
98.243.160.202,172.16.255.1,53755,50983,1,60
204.14.234.101,192.168.3.131,8443,57233,2,1126
172.16.255.1,85.65.191.56,50983,29464,3,228
192.168.3.131,65.54.95.68,56434,80,61,4207
206.108.207.145,192.168.3.131,80,56054,5,1039
172.16.255.1,94.41.86.170,50983,9113,1,76
10.0.2.15,10.0.2.3,59686,53,2,174
72.14.213.147,192.168.3.131,80,57847,2,120
192.168.3.131,72.14.213.147,57847,80,2,108
10.0.2.3,10.0.2.15,53,58971,2,426
129.132.232.116,172.16.255.1,7704,50983,2,404
65.54.95.140,192.168.3.131,80,56026,8,6683
192.168.3.131,208.82.236.129,58542,80,5,873
208.82.236.129,192.168.3.131,80,58542,5,2840
208.82.236.129,192.168.3.131,80,58544,11,9507
172.16.255.1,174.48.244.28,50983,31727,3,608
192.168.3.131,204.9.163.166,58547,80,12,959
172.16.255.1,109.227.83.224,10682,443,9,653
111.250.201.8,172.16.255.1,62599,50983,1,498
109.227.83.224,172.16.255.1,443,10682,7,556
172.16.255.1,204.9.163.160,10685,35777,1,66
70.67.177.253,172.16.255.1,52967,50983,2,414
10.0.2.15,65.55.116.184,2549,80,5,788
192.168.3.131,65.55.57.251,57058,80,1,54
192.168.3.131,65.54.95.68,56511,80,56,3937
172.16.255.1,109.90.123.126,10687,443,10,670
172.16.255.1,2.120.66.172,50983,23852,1,60
65.54.95.68,192.168.3.131,80,56140,126,180070
172.16.255.1,71.10.26.41,50983,14168,1,74
192.168.3.131,65.54.95.75,56313,80,6,1046
192.168.3.131,65.54.95.75,56314,80,6,1046
192.168.3.131,63.215.202.49,55967,80,6,976
66.235.139.121,192.168.3.131,80,56317,8,2516
192.168.3.131,65.54.95.140,56502,80,10,3125
192.168.3.131,65.54.95.140,56503,80,9,3074
192.168.3.131,207.46.0.109,56320,80,15,8385
66.235.133.62,192.168.3.131,80,56323,4,978
184.85.226.161,172.16.255.1,443,10652,24,19344
192.168.3.131,207.46.148.38,56325,80,5,928
10.0.2.15,207.46.125.254,2538,7001,4,248
207.46.148.38,192.168.3.131,80,56325,4,2715
172.16.255.1,212.8.163.80,10675,43400,2,132
10.0.2.15,65.54.167.27,2548,80,30,3529
65.54.95.39,192.168.3.131,80,56326,10,6911
192.168.3.131,76.74.140.168,56327,80,6,947
192.168.3.131,65.54.95.140,56418,80,26,7103
192.168.3.131,208.50.77.134,57202,80,2,108
192.168.3.131,76.74.140.168,56328,80,6,994
65.54.95.75,192.168.3.131,80,56314,5,467
76.74.140.168,192.168.3.131,80,56327,5,815
65.55.5.232,192.168.3.131,80,55957,16,21363
109.227.83.224,172.16.255.1,443,10689,7,563
192.168.3.131,65.54.95.75,56332,80,9,2555
10.0.2.3,10.0.2.15,53,59794,2,722
65.54.95.75,192.168.3.131,80,56332,7,909
64.4.35.57,10.0.2.15,1863,2550,18,1523
172.16.255.1,97.103.179.155,50983,2151,1,197
192.168.3.131,208.82.236.130,58543,80,8,887
172.16.255.1,239.255.255.250,61993,1900,2,349
10.0.2.15,198.104.200.146,2539,5480,5,681
192.168.3.131,208.82.236.129,58544,80,7,1016
192.168.3.131,65.54.95.68,56351,80,6,1046
192.168.3.131,66.235.139.121,56356,80,3,174
24.54.5.14,172.16.255.1,23389,50983,1,62
66.235.139.121,192.168.3.131,80,56356,8,2515
207.46.148.38,192.168.3.131,80,56357,4,2645
65.54.95.140,192.168.3.131,80,56359,9,7885
65.54.95.39,192.168.3.131,80,56060,10,6922
192.168.3.131,66.235.133.62,56361,80,3,174
192.168.3.131,207.46.148.38,56362,80,5,928
172.16.255.1,128.241.90.211,10653,80,18,1863
207.46.148.38,192.168.3.131,80,56362,4,2095
192.168.3.131,65.54.95.39,56363,80,7,1007
192.168.3.131,65.54.95.68,56368,80,58,3813
192.168.3.131,65.54.95.75,56369,80,9,2555
65.54.95.75,192.168.3.131,80,56369,7,909
172.16.255.1,184.85.226.161,10691,443,8,2832
10.0.2.15,10.0.2.3,61133,53,2,172
70.37.129.32,10.0.2.15,80,2552,12,8473
65.54.95.140,192.168.3.131,80,56497,27,30590
65.54.95.68,192.168.3.131,80,56386,5,468
192.168.3.131,208.82.236.130,58609,80,9,941
208.82.236.129,192.168.3.131,80,58608,5,2710
192.168.3.131,72.14.213.120,52497,443,8,1169
10.0.2.15,70.37.129.34,2551,5480,9,1339
208.82.236.129,192.168.3.131,80,58666,5,2870
192.168.3.131,65.55.206.209,55953,80,4,689
192.168.3.131,65.54.95.75,56408,80,6,1360
65.54.95.75,192.168.3.131,80,56407,5,467
192.168.3.131,65.55.206.199,56411,80,26,5171
209.17.73.30,192.168.3.131,80,58790,140,204930
192.168.3.131,65.54.95.140,56414,80,27,7163
204.9.163.158,172.16.255.1,80,10619,5,581
192.168.3.131,65.54.95.140,56417,80,26,7106
65.54.95.140,192.168.3.131,80,56414,40,50711
65.54.95.140,192.168.3.131,80,56415,49,65153
208.82.236.129,192.168.3.131,80,58464,10,9294
192.168.3.131,208.50.77.134,57204,80,2,108
208.82.236.130,192.168.3.131,80,58417,11,10958
65.54.95.140,192.168.3.131,80,56416,48,62041
192.168.3.131,69.63.181.15,57198,80,2,108
192.168.3.131,207.46.148.38,56420,80,5,869
192.168.3.131,65.54.95.140,56422,80,6,1202
65.54.95.140,192.168.3.131,80,56422,4,762
109.90.123.126,172.16.255.1,443,10687,8,621
192.168.3.131,65.54.95.149,56423,80,16,1285
10.0.2.15,70.37.129.34,2554,5480,9,1268
192.168.3.131,66.235.136.89,57242,443,4,239
192.168.3.131,208.82.236.129,58667,80,5,913
65.54.95.149,192.168.3.131,80,56423,25,32262
76.74.140.168,192.168.3.131,80,56499,4,1296
192.168.3.131,72.14.213.148,56424,80,13,1246
72.14.213.148,192.168.3.131,80,56424,24,31841
192.168.3.131,65.54.95.75,56427,80,44,3302
172.16.255.1,147.31.122.1,10621,18165,1,66
65.54.95.75,192.168.3.131,80,56427,90,128578
65.54.95.68,192.168.3.131,80,56428,30,39282
65.54.95.68,192.168.3.131,80,56429,28,30534
192.168.3.131,208.82.236.129,58737,80,5,912
192.168.3.131,72.14.213.103,57893,80,2,108
65.54.95.68,192.168.3.131,80,56433,30,38189
65.54.95.68,192.168.3.131,80,56434,136,198981
94.41.86.170,172.16.255.1,9113,50983,1,607
192.168.3.131,72.14.213.147,57839,80,16,7647
65.54.95.75,192.168.3.131,80,56436,38,45846
172.16.255.1,95.86.252.198,50983,6192,2,147
70.37.129.34,10.0.2.15,80,2553,11,7395
65.54.95.68,192.168.3.131,80,56093,23,28774
192.168.3.131,65.54.95.75,56438,80,18,6188
204.9.163.181,172.16.255.1,443,10639,28,29817
10.0.2.15,10.0.2.255,138,138,2,486
172.16.255.1,24.78.140.118,50983,24884,2,159
10.0.2.15,70.37.129.34,2554,80,9,1268
70.37.129.34,10.0.2.15,80,2554,10,6941
192.168.3.131,65.54.95.75,56454,80,7,1282
65.54.95.75,192.168.3.131,80,56454,8,5222
192.168.3.131,65.54.95.68,56457,80,19,1992
198.104.200.146,10.0.2.15,5480,2539,3,364
192.168.3.131,195.27.155.40,57949,80,2,108
195.27.155.40,192.168.3.131,80,57949,1,60
208.82.238.129,192.168.3.131,80,58362,1,66
66.235.139.121,192.168.3.131,80,56494,3,991
65.54.95.68,192.168.3.131,80,56351,5,468
208.82.236.129,192.168.3.131,80,58667,6,3477
192.168.3.131,65.54.95.68,56510,80,16,1830
208.50.77.134,192.168.3.131,80,57202,1,60
208.82.236.130,192.168.3.131,80,58668,10,9807
208.50.77.97,192.168.3.131,5480,57147,1,60
192.168.3.131,65.54.95.68,56476,80,16,1831
65.55.57.251,192.168.3.131,80,57058,1,60
10.0.2.15,64.4.35.57,2550,1863,16,1656
192.168.3.131,65.54.95.75,56478,80,7,1282
172.16.255.1,208.88.186.242,50983,13392,1,110
65.54.95.68,192.168.3.131,80,56476,28,35915
173.178.118.29,172.16.255.1,54049,50983,1,533
65.54.95.75,192.168.3.131,80,56478,7,3427
10.0.2.15,207.46.113.78,2542,5443,13,3315
172.16.255.1,24.54.5.14,50983,23389,1,203
65.54.95.75,192.168.3.131,80,56479,8,5740
172.16.255.1,10.1.1.2,10693,50023,2,132
72.14.213.103,192.168.3.131,80,57886,2,120
172.16.255.1,109.173.29.34,10697,443,9,649
192.168.3.131,65.54.95.75,56091,80,7,1050
109.227.83.224,172.16.255.1,443,10696,7,577
172.16.255.1,239.255.255.250,60061,1900,10,1696
192.168.3.131,207.46.148.38,56495,80,5,914
207.46.148.38,192.168.3.131,80,56495,4,2719
172.16.255.1,70.67.177.253,50983,52967,2,275
192.168.3.131,65.54.95.140,56500,80,18,1842
192.168.3.131,65.54.95.140,56501,80,8,2159
192.168.3.131,65.54.95.140,56504,80,9,2214
10.0.2.15,65.55.15.244,2537,5480,11,5640
65.54.95.140,192.168.3.131,80,56501,10,9469
65.54.95.140,192.168.3.131,80,56504,9,7714
10.0.2.3,10.0.2.15,53,57524,2,794
207.46.148.38,192.168.3.131,80,56506,4,2701
65.54.95.68,192.168.3.131,80,56510,29,39222
204.9.163.184,172.16.255.1,443,10637,11,1251
65.54.95.68,192.168.3.131,80,56511,135,198921
172.16.255.1,194.165.188.76,10632,12350,1,66
67.9.27.118,172.16.255.1,48240,50983,1,68
10.0.2.15,65.55.25.60,2489,5480,1,54
10.0.2.15,65.55.15.244,2536,5480,13,5691
204.9.163.181,172.16.255.1,443,10640,18,18260
192.168.3.131,192.168.3.99,52400,161,8,960
192.168.3.131,208.82.236.130,58787,80,6,779
192.168.3.131,208.50.77.73,57149,80,2,108
10.0.2.15,207.46.125.254,2532,7001,2,124
192.168.3.131,65.54.95.75,56455,80,7,1282
192.168.3.131,208.50.77.73,57173,80,2,108
192.168.3.131,208.50.77.73,57149,5480,2,108
192.168.3.131,208.50.77.73,57150,5480,2,108
208.50.77.136,192.168.3.131,5480,57121,1,60
208.82.236.130,192.168.3.131,80,58794,9,9193
192.168.3.131,255.255.255.255,17500,17500,8,1296
65.55.15.244,192.168.3.131,80,57180,1,60
65.54.95.75,192.168.3.131,80,56313,5,467
184.85.226.161,172.16.255.1,443,10650,27,24423
10.0.2.3,10.0.2.15,53,62310,2,320
192.168.3.90,192.168.3.131,445,49166,6,558
192.168.3.131,192.168.3.255,17500,17500,8,1296
204.14.234.101,192.168.3.131,443,57233,2,1126
72.14.213.132,192.168.3.131,443,52399,14,8130
192.168.3.131,204.14.234.85,57243,443,103,64957
208.50.77.134,192.168.3.131,5480,57202,1,60
192.168.3.131,204.14.234.85,57243,8443,103,64957
192.168.3.131,204.14.234.85,57244,443,94,57158
208.82.236.129,192.168.3.131,80,58737,6,3531
172.16.255.1,109.173.29.34,10683,443,9,611
192.168.3.131,208.50.77.97,57145,80,2,108
192.168.3.131,72.14.213.103,57879,80,2,108
192.168.3.131,208.50.77.97,57147,80,2,108
208.82.236.129,192.168.3.131,80,58410,5,2742
69.63.181.15,192.168.3.131,80,57192,2,120
93.181.202.185,172.16.255.1,30757,50983,1,150
66.235.136.89,192.168.3.131,443,57242,2,120
10.0.2.15,70.37.129.34,2553,80,9,1369
208.50.77.97,192.168.3.131,80,57145,1,60
172.16.255.1,178.25.111.25,50983,33453,2,541
208.50.77.97,192.168.3.131,80,57147,1,60
192.168.3.131,208.50.77.97,57145,5480,2,108
65.54.95.75,192.168.3.131,80,56141,7,909
192.168.3.131,208.50.77.97,57147,5480,2,108
66.235.136.89,192.168.3.131,8443,57242,2,120
192.168.3.131,65.54.95.140,56030,80,6,929
10.0.2.15,65.54.186.19,2526,5443,21,5800
74.125.127.148,192.168.3.131,5480,57213,1,60
172.16.255.1,84.197.9.59,50983,44808,1,75
10.0.2.15,64.4.9.254,2527,61863,8,580
10.0.2.15,65.54.189.173,2528,61863,43,7341
192.168.3.131,72.14.213.103,57902,80,2,108
192.168.3.131,65.54.95.39,56060,80,9,1590
96.17.8.49,10.0.2.15,5480,2547,12,8848
192.168.3.131,208.50.77.134,57204,5480,2,108
192.168.3.131,208.82.236.129,58750,80,5,912
172.16.255.1,204.9.163.181,10640,443,13,2199
192.168.3.131,65.54.95.75,56477,80,7,1282
207.46.96.145,10.0.2.15,5480,2529,48,36940
65.54.95.75,192.168.3.131,80,56509,90,128578
207.46.105.186,10.0.2.15,5480,2540,4,325
208.82.236.129,192.168.3.131,80,58757,6,3326
207.46.113.78,10.0.2.15,5443,2542,12,6172
207.46.148.38,192.168.3.131,80,56318,4,2645
204.9.163.158,172.16.255.1,80,10616,5,581
192.168.3.131,72.14.213.105,57838,80,2,108
10.0.2.15,65.55.116.184,2543,5480,5,1052
65.55.116.184,10.0.2.15,5480,2543,5,950
10.0.2.15,91.103.140.2,2545,5480,7,1570
192.168.3.131,208.82.236.129,58766,80,5,912
192.168.3.131,72.14.213.138,58769,80,4,332
72.14.213.138,192.168.3.131,80,58769,5,1030
91.103.140.2,10.0.2.15,5480,2546,3,443
172.16.255.1,128.173.201.171,50983,23537,1,70
10.0.2.15,91.103.140.2,2546,5480,5,802
72.14.213.138,192.168.3.131,80,58770,12,13261
10.0.2.15,65.54.167.27,2548,5480,30,3529
192.168.3.131,208.50.77.134,57205,5480,2,108
192.168.3.131,65.54.95.68,56433,80,17,1884
192.168.3.131,208.82.236.129,58777,80,5,912
192.168.3.131,208.50.77.134,57205,80,2,108
192.168.3.131,208.50.77.134,57186,80,2,108
69.63.181.15,192.168.3.131,80,57198,2,120
65.54.95.140,192.168.3.131,80,56027,8,6188
208.50.77.134,192.168.3.131,80,57204,1,60
208.50.77.134,192.168.3.131,80,57201,1,60
192.168.3.131,208.50.77.134,57203,5480,2,108
172.16.255.1,204.9.163.158,10616,80,5,347
192.168.3.131,208.50.77.134,57201,5480,2,108
130.206.167.238,172.16.255.1,54002,50983,1,60
192.168.3.131,208.50.77.134,57186,5480,2,108
69.63.181.15,192.168.3.131,5480,57198,2,120
172.16.255.1,82.226.125.157,50983,45834,1,74
208.50.77.134,192.168.3.131,5480,57203,1,60
208.50.77.134,192.168.3.131,5480,57201,1,60
75.76.39.18,172.16.255.1,35877,50983,1,93
208.50.77.134,192.168.3.131,5480,57186,1,60
10.0.2.15,65.55.116.184,2549,5480,5,788
208.82.236.130,192.168.3.131,80,58787,9,8236
208.82.236.129,192.168.3.131,80,58788,5,2895
208.82.236.129,192.168.3.131,80,58305,5,1760
192.168.3.131,209.17.73.30,58790,80,63,3847